{
    "USD/RUB": 63.945,
    "EUR/RUB": 72.3602,
    "BTC/RUB": 332712.27,
    "USD/EUR": 0.8837,
    "USD/BTC": 0.0001918,
    "EUR/BTC": 0.00021625
}